Workbook

Sheet 表紙
I9: 詳細設計書
AF37: ゲーム名称 | AL37: OnehourDungeon
AF39: 種別 | AL39: ローグライクRPG
AF41: バージョン | AL41: 1.0.0.0
AF43: 改定日 | AL43: 45981
AF45: 改訂者 | AL45: 鷹木

Sheet 変更履歴
A1: 変更履歴 | L1: ゲーム名称 | U1: =表紙!AL37 -> OnehourDungeon | AJ1: 作成者 | AO1: 鷹木 | AV1: 修正者
L2: 種別 | U2: =表紙!AL39 -> ローグライクRPG | AJ2: 作成日 | AO2: 45981 | AV2: 修正日
A4: Ver | F4: 日付 | L4: 変更内容 | AJ4: 対応者 | AV4: 備考
A5: 1.0.0.0 | F5: 45981 | L5: 新規作成 | AJ5: 鷹木

Sheet 画面イメージ_詳細説明
C2: 画面イメージ・詳細説明 | N2: ゲーム名称 | W2: =変更履歴!U1 -> OnehourDungeon | AL2: 作成者 | AQ2: =表紙!AL45 -> 鷹木 | AX2: 修正者
N3: 種別 | W3: =表紙!AL39 -> ローグライクRPG | AL3: 作成日 | AQ3: 45981 | AX3: 修正日
C5: 画面イメージ | AJ5: 備考
AK7: ダンジョン内を矢印キーで移動する
AL8: 宝箱に載った場合
AM9: 30%の確率で、回復薬（Potion）を入手
AM10: 60%の確率で、ダメージアイテム（Blaze Gem）を入手
AM11: 10%の確率で、SPが半分になります
AL13: 繭に乗った場合
AM14: 75%の確率で敵が出現します
AM15: 25%の確率でSPを回復します
AN16: そのうち3/4の確率で、SPを50回復します
AN17: そのうち1/4の確率で、SPが150回復します
AL19: 階段に乗った場合
AM20: 次の階層に移動します。
AL22: ボスに乗った場合
AM23: ボスとの戦闘になります
AK25: フィールド時のその他キー操作について
AL26: 「P」ボタンの押下
AM27: Potionを1消費し、HPを1000回復する
AL29: 「B」ボタンの押下
AM30: Blaze Gemを1消費し、自分の周りの繭を燃やして消す
AL32: 「A」ボタンの押下
AM33: Pointを1消費し、ATKを1上昇
AL35: 「D」ボタンの押下
AM36: Pointを1消費し、DEFを1上昇
AL38: 「C」ボタンの押下
AM39: Pointを1消費し、ACYを1上昇
AL41: 「C」ボタンの押下
AM42: Pointを1消費し、ACYを1上昇
AL44: 「E」ボタンの押下
AM45: Pointを1消費し、EVAを1上昇
AL47: 「M」ボタンの押下
AM48: マップ表示の切替
AL50: 「Q」ボタンの押下
AM51: 通常表示からフルスクリーン表示に変更
AL53: 「W」ボタンの押下
AM54: フルスクリーンから通常表示に変更
AL56: 「V」ボタンの押下
AM57: セーブ機能（EXE版未実装）

Sheet 変数定義
C2: 変数定義 | N2: ゲーム名称 | W2: =変更履歴!U1 -> OnehourDungeon | AN2: 作成者 | AS2: =表紙!AL45 -> 鷹木 | AZ2: 修正者
N3: 種別 | W3: =表紙!AL39 -> ローグライクRPG | AN3: 作成日 | AS3: 45981 | AZ3: 修正日
C5: No | AE5: 備考
E6: プログラム使用箇所 | M6: 変数名 | U6: 型（数値/文字列/Bool/その他）
C7: 1 | E7: CommandData.py | M7: tmr | U7: 数値 | AE7: 処理時間を管理するための変数
C8: =C7+1 -> 2 | E8: CommandData.py | M8: idx | U8: 数値 | AE8: 現在の状態管理をするための変数
C9: =C8+1 -> 3 | E9: CommandData.py | M9: map_flg | U9: Bool | AE9: マップを表示状態か管理するフラグ
C10: =C9+1 -> 4 | E10: CommandData.py | M10: treasure | U10: 数値 | AE10: 宝箱を描画するためのフラグ（0）が設定されている
C11: =C10+1 -> 5 | E11: CommandData.py | M11: enemyboss | U11: その他（インスタンス） | AE11: 敵/ボスの情報を格納しているインスタンス
C12: =C11+1 -> 6 | E12: CommandData.py | M12: screen | U12: その他（インスタンス） | AE12: 画面の描画するためのインスタンス
C13: =C12+1 -> 7 | E13: CommandData.py | M13: clock | U13: その他（インスタンス） | AE13: フレーム管理するためのインスタンス
C14: =C13+1 -> 8 | E14: CommandData.py | M14: font | U14: その他（インスタンス） | AE14: フォント管理するためのインスタンス
C15: =C14+1 -> 9 | E15: CommandData.py | M15: se | U15: その他（インスタンス） | AE15: SE管理するためのインスタンス
C16: =C15+1 -> 10 | E16: CommandData.py | M16: point_se | U16: その他（インスタンス） | AE16: ポーション用のSE管理するためのインスタンス
C17: =C16+1 -> 11 | E17: CommandData.py | M17: fl_max | U17: 数値 | AE17: 最高到達階層の管理用の変数
C18: =C17+1 -> 12 | E18: CommandData.py | M18: floor | U18: 数値 | AE18: 現在フロアの管理用の変数
C19: =C18+1 -> 13 | E19: CommandData.py | M19: TRE_NAME | U19: 文字列 | AE19: 宝箱から出現する名称管理用の配列、CONST
... C33: =C32+1 -> 27 | E33: PlayerSet.py | M33: pl_exp | U33: 数値 | AE33: プレイヤーの現在の経験値
C34: =C30+1 -> 25 | E34: PlayerSet.py | M34: pl_x | U34: 数値 | AE34: プレイヤーX軸
C35: =C31+1 -> 26 | E35: PlayerSet.py | M35: pl_y | U35: 数値 | AE35: プレイヤーY軸
C36: =C35+1 -> 27
